Dock,Location,Type,Vessel
Horseshoe Bay Terminal,Horseshoe Bay,Safe,Queen of Capilano
Snug Cove Marina,Snug Cove,Evacuation,Cormorant
Snug Cove Marina,Snug Cove,Evacuation,Bowen Arrow
Snug Cove Marina,Snug Cove,Evacuation,Apodaca
Snug Cove Marina,Snug Cove,Evacuation,Kinbasket Queen
Horseshoe Bay Terminal,Horseshoe Bay,Safe,Mercury 1
Horseshoe Bay Terminal,Horseshoe Bay,Safe,Mercury 2
Horseshoe Bay Terminal,Horseshoe Bay,Safe,Mercury 3
Gibsons Harbor,Gibsons,Safe,Sunshine Coast Water Taxi
Gibsons Harbor,Gibsons,Safe,Harbour Ferry Bertram
Gibsons Harbor,Gibsons,Safe,Kona Winds Charters 1
Gibsons Harbor,Gibsons,Safe,Stormaway III
Horseshoe Bay Terminal,Horseshoe Bay,Safe,RCM SAR 01
Horseshoe Bay Terminal,Horseshoe Bay,Safe,RCM SAR 01b
Gibsons Harbor,Gibsons,Safe,RCM SAR 14
Lynwood Marina,North Vancouver,Safe,RCM SAR 02
Kitsilano CCG,Kitsilano,Safe,CCG response 1
Kitsilano CCG,Kitsilano,Safe,CCG response 2
Kitsilano CCG,Kitsilano,Safe,CCG landing vessel
Richmond Hovercraft Base,Richmond,Safe,CCG Siyay
Richmond Hovercraft Base,Richmond,Safe,CCG Moytel