Dock,Location,Vessel
Horseshoe Bay Terminal,Horseshoe Bay,Queen of Capilano
Snug Cove Marina,Snug Cove,Cormorant
Snug Cove Marina,Snug Cove,Bowen Arrow
Snug Cove Marina,Snug Cove,Apodaca
Snug Cove Marina,Snug Cove,Kinbasket Queen
Horseshoe Bay Terminal,Horseshoe Bay,Mercury 1
Horseshoe Bay Terminal,Horseshoe Bay,Mercury 2
Horseshoe Bay Terminal,Horseshoe Bay,Mercury 3
Gibsons Harbor,Gibsons,Sunshine Coast Water Taxi
Gibsons Harbor,Gibsons,Harbour Ferry Bertram
Gibsons Harbor,Gibsons,Kona Winds Charters 1
Gibsons Harbor,Gibsons,Stormaway III
Horseshoe Bay Terminal,Horseshoe Bay,RCM SAR 01
Horseshoe Bay Terminal,Horseshoe Bay,RCM SAR 01b
Gibsons Harbor,Gibsons,RCM SAR 14